Symbol	Name	LastSale	MarketCap	ADR TSO	IPOyear	Sector	industry	Summary Quote
FAX	Aberdeen Asia-Pacific Income Fund Inc	6.35	1698040342.8	n/a	1986	n/a	n/a	http://www.nasdaq.com/symbol/fax
IAF	Aberdeen Australia Equity Fund Inc	10.74	242446059.54	n/a	1985	n/a	n/a	http://www.nasdaq.com/symbol/iaf
CH	Aberdeen Chile Fund, Inc.	12.88	120898081.36	n/a	n/a	n/a	n/a	http://www.nasdaq.com/symbol/ch
ETF	Aberdeen Emerging Markets Smaller Company Opportunities Fund I	19.918	164257073.47	n/a	1992	n/a	n/a	http://www.nasdaq.com/symbol/etf
FCO	Aberdeen Global Income Fund, Inc.	11.11	104480106.5	n/a	1992	n/a	n/a	http://www.nasdaq.com/symbol/fco
IF	Aberdeen Indonesia Fund, Inc.	10.01	94947322.47	n/a	1990	n/a	n/a	http://www.nasdaq.com/symbol/if
ISL	Aberdeen Israel Fund, Inc.	16.04	67771005	n/a	1992	n/a	n/a	http://www.nasdaq.com/symbol/isl
ACU	Acme United Corporation.	14.57	46329350.89	n/a	1988	Capital Goods	Industrial Machinery/Components	http://www.nasdaq.com/symbol/acu
AE	Adams Resources & Energy, Inc.	49.85	210247160.6	n/a	n/a	Energy	Oil Refining/Marketing	http://www.nasdaq.com/symbol/ae
ADK	Adcare Health Systems Inc	3.89	60114029.42	n/a	n/a	Health Care	Hospital/Nursing Management	http://www.nasdaq.com/symbol/adk
ADK^A	Adcare Health Systems Inc	25.8	0	n/a	n/a	n/a	n/a	http://www.nasdaq.com/symbol/adk^a
API	Advanced Photonix, Inc.	0.6539	20400075.9833	n/a	n/a	Technology	Semiconductors	http://www.nasdaq.com/symbol/api
ACY	AeroCentury Corp.	20.2699	31281665.0643	n/a	n/a	Technology	Diversified Commercial Services	http://www.nasdaq.com/symbol/acy
AIRI	Air Industries Group	7.65	43689861.45	n/a	n/a	Capital Goods	Military/Government/Technical	http://www.nasdaq.com/symbol/airi
AA^	Alcoa Inc.	78.25	0	n/a	n/a	Capital Goods	Metal Fabrications	http://www.nasdaq.com/symbol/aa^
AXX	Alderon Iron Ore Corp.	1.76	229053733.92	n/a	n/a	Basic Industries	Precious Metals	http://www.nasdaq.com/symbol/axx
AXU	Alexco Resource Corp	1.35	84474762.3	n/a	n/a	Basic Industries	Precious Metals	http://www.nasdaq.com/symbol/axu
ANV	Allied Nevada Gold Corp.	3.97	412656369.9	n/a	n/a	Basic Industries	Precious Metals	http://www.nasdaq.com/symbol/anv
AAU	Almaden Minerals, Ltd.	1.3	83841317.3	n/a	n/a	Basic Industries	Precious Metals	http://www.nasdaq.com/symbol/aau
APT	Alpha Pro Tech, Ltd.	1.7	32488569.1	n/a	n/a	Health Care	Industrial Specialties	http://www.nasdaq.com/symbol/apt
ALTV	Alteva (D/B/A)	7.65	47016945.9	n/a	n/a	Public Utilities	Telecommunications Equipment	http://www.nasdaq.com/symbol/altv
AAMC	Altisource Asset Management Corp	640	1504698880	n/a	n/a	Finance	Real Estate	http://www.nasdaq.com/symbol/aamc
DIT	AMCON Distributing Company	80.5	50160757.5	n/a	n/a	Consumer Non-Durables	Food Distributors	http://www.nasdaq.com/symbol/dit
APP	American Apparel Inc	1.23	135724985.91	n/a	1994	Finance	Business Services	http://www.nasdaq.com/symbol/app
ADGE	American DG Energy Inc.	1.66	82071278.14	n/a	n/a	Energy	Electric Utilities: Central	http://www.nasdaq.com/symbol/adge
ALN	American Lorain Corporation	0.86	29770374.04	n/a	n/a	Consumer Non-Durables	Packaged Foods	http://www.nasdaq.com/symbol/aln
AMS	American Shared Hospital Services	2.46	11337820.2	n/a	n/a	Health Care	Medical Specialities	http://www.nasdaq.com/symbol/ams
AQQ	American Spectrum Realty, Inc.	2.05	7292573.65	n/a	n/a	Consumer Services	Real Estate Investment Trusts	http://www.nasdaq.com/symbol/aqq
AMPE	Ampio Pharmaceuticals, Inc.	8.34	348275614.44	n/a	n/a	Health Care	Major Pharmaceuticals	http://www.nasdaq.com/symbol/ampe
AXN	Aoxing Pharmaceutical Company, Inc.	0.2303	11472353.5066	n/a	n/a	Health Care	Major Pharmaceuticals	http://www.nasdaq.com/symbol/axn
AMCO	Armco Metals Holdings, Inc.	0.4779	11417288.1102	n/a	n/a	Consumer Durables	Steel/Iron Ore	http://www.nasdaq.com/symbol/amco
HRT	Arrhythmia Research Technology Inc.	3.42	9248497.38	n/a	n/a	Health Care	Biotechnology: Electromedical & Electrotherapeutic Apparatus	http://www.nasdaq.com/symbol/hrt
AKG	Asanko Gold Inc.	2.2	187119543.6	n/a	n/a	Basic Industries	Mining & Quarrying of Nonmetallic Minerals (No Fuels)	http://www.nasdaq.com/symbol/akg
ATL	Atlatsa Resources Corporation	0.392	79140281.416	n/a	1986	Basic Industries	Precious Metals	http://www.nasdaq.com/symbol/atl
AZC	Augusta Resource Corporation	1.83	263981273.46	n/a	n/a	Basic Industries	Precious Metals	http://www.nasdaq.com/symbol/azc
AWX	Avalon Holdings Corporation	5.11	19435021.41	n/a	n/a	Public Utilities	Environmental Services	http://www.nasdaq.com/symbol/awx
AVL	Avalon Rare Metals, Inc.	0.82	85113528.52	n/a	1980	Basic Industries	Precious Metals	http://www.nasdaq.com/symbol/avl
ASM	Avino Silver	1.25	34323542.5	n/a	1992	Basic Industries	Precious Metals	http://www.nasdaq.com/symbol/asm
BTG	B2Gold Corp	2.4	1563314280	n/a	n/a	Basic Industries	Precious Metals	http://www.nasdaq.com/symbol/btg
BONE	Bacterin International Holdings, Inc.	0.65	33388536.35	n/a	n/a	Health Care	Biotechnology: Biological Products (No Diagnostic Substances)	http://www.nasdaq.com/symbol/bone
BTN	Ballantyne Strong, Inc	4.88	68994889.36	n/a	1995	Miscellaneous	Industrial Machinery/Components	http://www.nasdaq.com/symbol/btn
BKJ	Bancorp of New Jersey, Inc	13.51	71809243.66	n/a	n/a	Finance	Major Banks	http://www.nasdaq.com/symbol/bkj
BCV	Bancroft Fund Limited	18.55	99701705.25	n/a	n/a	n/a	n/a	http://www.nasdaq.com/symbol/bcv
BAA	BANRO CORPORATION	0.8	201680537.6	n/a	n/a	Basic Industries	Precious Metals	http://www.nasdaq.com/symbol/baa
BHB	Bar Harbor Bankshares, Inc.	36.49	143643030.96	n/a	n/a	Finance	Major Banks	http://www.nasdaq.com/symbol/bhb
BRN	Barnwell Industries, Inc.	3.46	28638973.6	n/a	n/a	Energy	Oil & Gas Production	http://www.nasdaq.com/symbol/brn
BXE	Bellatrix Exploration Ltd	7.56	993988694.16	n/a	n/a	Energy	Oil & Gas Production	http://www.nasdaq.com/symbol/bxe
BIR^A	Berkshire Income Realty, Inc.	27.5	0	n/a	n/a	n/a	n/a	http://www.nasdaq.com/symbol/bir^a
BTX	BioTime, Inc.	3.71	214950840.72	n/a	n/a	Health Care	Biotechnology: Biological Products (No Diagnostic Substances)	http://www.nasdaq.com/symbol/btx
BGI	Birks Group Inc.	1.99	29638285.89	n/a	n/a	n/a	n/a	http://www.nasdaq.com/symbol/bgi
BQY	BlackRock Dividend Income Trust	12.9299	78006448.7372	n/a	2004	n/a	n/a	http://www.nasdaq.com/symbol/bqy
BZM	BlackRock Maryland Municipal Bond Trust	12.677	14713518329.993	n/a	2002	n/a	n/a	http://www.nasdaq.com/symbol/bzm
MHE	BlackRock Massachusetts Tax-Exempt Trust	12	0	n/a	1993	n/a	n/a	http://www.nasdaq.com/symbol/mhe
BLE	BlackRock Municipal Income Trust II	13.85	324443022.65	n/a	1992	n/a	n/a	http://www.nasdaq.com/symbol/ble
BLJ	Blackrock New Jersey Municipal Bond Trust	13.322	15462135457.298	n/a	2002	n/a	n/a	http://www.nasdaq.com/symbol/blj
BFY	BlackRock New York Municipal Income Trust II	12.8127	64009391.9679	n/a	2002	n/a	n/a	http://www.nasdaq.com/symbol/bfy
BPS	BlackRock Pennsylvania Strategic Municipal Trust (The)	11.71	23796066.65	n/a	1994	n/a	n/a	http://www.nasdaq.com/symbol/bps
BHV	BlackRock Virginia Municipal Bond Trust	15.05	17467732970.45	n/a	2002	n/a	n/a	http://www.nasdaq.com/symbol/bhv
BDR	Blonder Tongue Laboratories, Inc.	0.93	5780467.08	n/a	1995	Technology	Radio And Television Broadcasting And Communications Equipment	http://www.nasdaq.com/symbol/bdr
BVX	Bovie Medical Corporation	2.51	44744103.36	n/a	n/a	Health Care	Medical/Dental Instruments	http://www.nasdaq.com/symbol/bvx
BWL/A	Bowl America, Inc.	14.652	0	n/a	n/a	Consumer Services	Services-Misc. Amusement & Recreation	http://www.nasdaq.com/symbol/bwl/a
BZC	Breeze-Eastern Corporation	9.54	92187099.72	n/a	n/a	Capital Goods	Military/Government/Technical	http://www.nasdaq.com/symbol/bzc
BRD	Brigus Gold Corp	0.71	164790654.23	n/a	n/a	Basic Industries	Precious Metals	http://www.nasdaq.com/symbol/brd
BTI	British American Tobacco p.l.c.	111.03	105221978952.72	n/a	n/a	Consumer Non-Durables	Farming/Seeds/Milling	http://www.nasdaq.com/symbol/bti
CAK	CAMAC Energy Inc.	1.0099	158417933.203	n/a	n/a	Energy	Oil & Gas Production	http://www.nasdaq.com/symbol/cak
CDY	Cardero Resource Corporation	0.1588	18013679.676	n/a	n/a	Basic Industries	Precious Metals	http://www.nasdaq.com/symbol/cdy
CXM	Cardium Therapeutics, Inc.	0.7299	5338099.5633	n/a	n/a	Health Care	Biotechnology: Biological Products (No Diagnostic Substances)	http://www.nasdaq.com/symbol/cxm
ROX	Castle Brands, Inc.	0.85	93349147.1	n/a	2006	Consumer Non-Durables	Beverages (Production/Distribution)	http://www.nasdaq.com/symbol/rox
CAW	CCA Industries, Inc.	3.12	21860854.08	n/a	n/a	Consumer Non-Durables	Package Goods/Cosmetics	http://www.nasdaq.com/symbol/caw
CVM	Cel-Sci Corporation	0.78	24198610.8	n/a	n/a	Health Care	Biotechnology: Biological Products (No Diagnostic Substances)	http://www.nasdaq.com/symbol/cvm
CEF	Central Fund of Canada Limited	14.86	3780870115.18	n/a	n/a	n/a	n/a	http://www.nasdaq.com/symbol/cef
GTU	Central Gold Trust	46.71	901456290	n/a	n/a	n/a	n/a	http://www.nasdaq.com/symbol/gtu
CET	Central Securities Corporation	24.4609	566364058.3868	n/a	n/a	n/a	n/a	http://www.nasdaq.com/symbol/cet
CCF	Chase Corporation	29.59	268739250.23	n/a	n/a	Consumer Durables	Building Products	http://www.nasdaq.com/symbol/ccf
CQP	Cheniere Energy Partners, LP	30.54	10316290237.02	n/a	2007	Public Utilities	Oil/Gas Transmission	http://www.nasdaq.com/symbol/cqp
LNG	Cheniere Energy, Inc.	38.78	9268514545.64	n/a	n/a	Public Utilities	Oil/Gas Transmission	http://www.nasdaq.com/symbol/lng
CVR	Chicago Rivet & Machine Co.	32.7501	31640919.6132	n/a	n/a	Technology	Industrial Machinery/Components	http://www.nasdaq.com/symbol/cvr
CHGS	China GengSheng Minerals, Inc.	0.2189	5867186.3316	n/a	n/a	Consumer Durables	Miscellaneous manufacturing industries	http://www.nasdaq.com/symbol/chgs
CMFO	China Marine Food Group Limited	0.24	7133514.24	n/a	n/a	Consumer Non-Durables	Packaged Foods	http://www.nasdaq.com/symbol/cmfo
CNR	China Metro-Rural Holdings Limited	1.04	76485533.28	n/a	n/a	Finance	Real Estate	http://www.nasdaq.com/symbol/cnr
CPHI	China Pharma Holdings, Inc.	0.311	13553242.227	n/a	n/a	Health Care	Major Pharmaceuticals	http://www.nasdaq.com/symbol/cphi
CKX	CKX Lands, Inc.	14.5	28166177.5	n/a	n/a	Energy	Oil & Gas Production	http://www.nasdaq.com/symbol/ckx
GLV	Clough Global Allocation Fund	15.0593	157137862.1358	n/a	2004	n/a	n/a	http://www.nasdaq.com/symbol/glv
GLQ	Clough Global Equity Fund	15.166	270572132.03	n/a	2005	n/a	n/a	http://www.nasdaq.com/symbol/glq
GLO	Clough Global Opportunities Fund	12.83	663783900.97	n/a	1988	n/a	n/a	http://www.nasdaq.com/symbol/glo
CRV	Coast Distribution System, Inc. (The)	3.58	18208717.72	n/a	n/a	Capital Goods	Automotive Aftermarket	http://www.nasdaq.com/symbol/crv
MOC	Command Security Corporation	2	18187196	n/a	n/a	Consumer Services	Diversified Commercial Services	http://www.nasdaq.com/symbol/moc
CIX	CompX International Inc.	12.46	154467953.22	n/a	1998	Capital Goods	Industrial Machinery/Components	http://www.nasdaq.com/symbol/cix
LODE	Comstock Mining, Inc.	1.76	119666942.56	n/a	n/a	Basic Industries	Precious Metals	http://www.nasdaq.com/symbol/lode
CTO	Consolidated-Tomoka Land Co.	37.01	217039926.59	n/a	n/a	Finance	Real Estate	http://www.nasdaq.com/symbol/cto
CEP	Constellation Energy Partners, LLC	2.32	67162248.4	n/a	n/a	Energy	Oil & Gas Production	http://www.nasdaq.com/symbol/cep
MCF	Contango Oil & Gas Company	42.9	817181593.8	n/a	1990	Energy	Oil & Gas Production	http://www.nasdaq.com/symbol/mcf
CUO	Continental Materials Corporation	16.2101	26567689.2859	n/a	n/a	Capital Goods	Building Materials	http://www.nasdaq.com/symbol/cuo
CMT	Core Molding Technologies Inc	10.86	79661759.82	n/a	1992	Consumer Non-Durables	Plastic Products	http://www.nasdaq.com/symbol/cmt
CRMD	CorMedix Inc	0.82	13086452.16	n/a	n/a	Health Care	Major Pharmaceuticals	http://www.nasdaq.com/symbol/crmd
CRMD/WS	CorMedix Inc	0.09	0	n/a	n/a	n/a	n/a	http://www.nasdaq.com/symbol/crmd/ws
CFP	Cornerstone Progressive Return Fund	5.21	131672564.45	n/a	n/a	n/a	n/a	http://www.nasdaq.com/symbol/cfp
CRF	Cornerstone Strategic Return Fund, Inc. (The)	6.65	68751543.7	n/a	1994	n/a	n/a	http://www.nasdaq.com/symbol/crf
CLM	Cornerstone Strategic Value Fund, Inc.	7.29	137890678.05	n/a	1987	n/a	n/a	http://www.nasdaq.com/symbol/clm
COVR	Cover-All Technologies Inc.	1.3499	35528972.4793	n/a	n/a	Technology	Computer Software: Prepackaged Software	http://www.nasdaq.com/symbol/covr
CVU	CPI Aerostructures, Inc.	13.77	115557206.58	n/a	n/a	Capital Goods	Military/Government/Technical	http://www.nasdaq.com/symbol/cvu
CIK	Credit Suisse Asset Management Income Fund, Inc.	3.61	188511398.64	n/a	n/a	n/a	n/a	http://www.nasdaq.com/symbol/cik
DHY	Credit Suisse High Yield Bond Fund	3.15	306032501.25	n/a	1998	n/a	n/a	http://www.nasdaq.com/symbol/dhy
EXE	Crexendo, Inc.	3.15	33736197.6	n/a	n/a	Technology	EDP Services	http://www.nasdaq.com/symbol/exe
CRVP	Crystal Rock Holdings, Inc.	0.9	19230219.9	n/a	n/a	Consumer Non-Durables	Food Distributors	http://www.nasdaq.com/symbol/crvp
CTP	CTPartners Executive Search Inc.	6.47	45658887.05	n/a	2010	Technology	Diversified Commercial Services	http://www.nasdaq.com/symbol/ctp
DXR	Daxor Corporation	7.6999	31695437.1656	n/a	n/a	Health Care	Medical/Dental Instruments	http://www.nasdaq.com/symbol/dxr
DEJ	Dejour Energy Inc.	0.143	21295041.482	n/a	n/a	Energy	Oil & Gas Production	http://www.nasdaq.com/symbol/dej
VCF	Delaware Investments Colorado Municipal Income Fund, Inc	12.4	59980040	n/a	1993	n/a	n/a	http://www.nasdaq.com/symbol/vcf
VFL	Delaware Investments Florida Insured Municipal Income Fund	11.77	53299774.11	n/a	1993	n/a	n/a	http://www.nasdaq.com/symbol/vfl
VMM	Delaware Investments Minnesota Municipal Income Fund II, Inc.	12.6	144962685	n/a	1993	n/a	n/a	http://www.nasdaq.com/symbol/vmm
DLA	Delta Apparel, Inc.	17.72	139524586.56	n/a	n/a	Consumer Non-Durables	Apparel	http://www.nasdaq.com/symbol/dla
DNN	Denison Mine Corp	1.1	494921825.2	n/a	n/a	Basic Industries	Precious Metals	http://www.nasdaq.com/symbol/dnn
DGSE	DGSE Companies, Inc.	2.45	29830180.8	n/a	n/a	Consumer Services	Consumer Specialties	http://www.nasdaq.com/symbol/dgse
DPW	Digital Power Corporation	0.619	4242106.659	n/a	n/a	Capital Goods	Industrial Machinery/Components	http://www.nasdaq.com/symbol/dpw
DSS	Document Security Systems, Inc.	1.03	50707063.77	n/a	n/a	Technology	EDP Services	http://www.nasdaq.com/symbol/dss
DMF	Dreyfus Municipal Income, Inc.	8.6	178067411.8	n/a	1988	n/a	n/a	http://www.nasdaq.com/symbol/dmf
GRF	Eagle Capital Growth Fund, Inc.	8.4	26251041.6	n/a	n/a	n/a	n/a	http://www.nasdaq.com/symbol/grf
ESTE	Earthstone Energy, Inc.	17	29448250	n/a	n/a	Energy	Oil & Gas Production	http://www.nasdaq.com/symbol/este
EVM	Eaton Vance California Municipal Bond Fund	10.3	224088715.8	n/a	2002	n/a	n/a	http://www.nasdaq.com/symbol/evm
EIA	Eaton Vance California Municipal Bond Fund II	11.05	42931791.5	n/a	2002	n/a	n/a	http://www.nasdaq.com/symbol/eia
CEV	Eaton Vance California Municipal Income Trust	11.5	83502362.5	n/a	1999	n/a	n/a	http://www.nasdaq.com/symbol/cev
EVV	Eaton Vance Limited Duration Income Fund	15.21	1787291569.44	n/a	2003	n/a	n/a	http://www.nasdaq.com/symbol/evv
MAB	Eaton Vance Massachusetts Municipal Bond Fund	12.18	21540500.52	n/a	2002	n/a	n/a	http://www.nasdaq.com/symbol/mab
MMV	Eaton Vance Massachusetts Municipal Income Trust	12.64	34766585.44	n/a	1999	n/a	n/a	http://www.nasdaq.com/symbol/mmv
MIW	Eaton Vance Michigan Municipal Bond Fund	11.86	17956810.9	n/a	2002	n/a	n/a	http://www.nasdaq.com/symbol/miw
EMI	Eaton Vance Michigan Municipal Income Trust	11.16	23617841.04	n/a	1999	n/a	n/a	http://www.nasdaq.com/symbol/emi
EIM	Eaton Vance Municipal Bond Fund	11.22	764847765	n/a	2002	n/a	n/a	http://www.nasdaq.com/symbol/eim
EIV	Eaton Vance Municipal Bond Fund II	11.03	110447592.43	n/a	2002	n/a	n/a	http://www.nasdaq.com/symbol/eiv
EMJ	Eaton Vance New Jersey Municipal Bond Fund	11.5501	30133171.391	n/a	2002	n/a	n/a	http://www.nasdaq.com/symbol/emj
EVJ	Eaton Vance New Jersey Municipal Income Trust	11.86	55494813.88	n/a	1999	n/a	n/a	http://www.nasdaq.com/symbol/evj
ENX	Eaton Vance New York Municipal Bond Fund	11.36	180585205.6	n/a	2002	n/a	n/a	http://www.nasdaq.com/symbol/enx
NYH	Eaton Vance New York Municipal Bond Fund II	11.2	28749739.2	n/a	2002	n/a	n/a	http://www.nasdaq.com/symbol/nyh
EVY	Eaton Vance New York Municipal Income Trust	12.37	67721247.32	n/a	1999	n/a	n/a	http://www.nasdaq.com/symbol/evy
EIO	Eaton Vance Ohio Municipal Bond Fund	11.53	29245937.24	n/a	2002	n/a	n/a	http://www.nasdaq.com/symbol/eio
EVO	Eaton Vance Ohio Municipal Income Trust	12.11	34600171.27	n/a	1999	n/a	n/a	http://www.nasdaq.com/symbol/evo
EIP	Eaton Vance Pennsylvania Municipal Bond Fund	11.5	34037228.5	n/a	2002	n/a	n/a	http://www.nasdaq.com/symbol/eip
EVP	Eaton Vance Pennsylvania Municipal Income Trust	11.3601	30904175.0814	n/a	1999	n/a	n/a	http://www.nasdaq.com/symbol/evp
ELMD	Electromed, Inc.	1.1799	9574005.9348	n/a	2010	Health Care	Biotechnology: Electromedical & Electrotherapeutic Apparatus	http://www.nasdaq.com/symbol/elmd
ETAK	Elephant Talk Communications Corp.	0.764	106657916.692	n/a	n/a	Public Utilities	Telecommunications Equipment	http://www.nasdaq.com/symbol/etak
ELLO	Ellomay Capital Ltd.	10.7	114408369.7	n/a	n/a	Public Utilities	Electric Utilities: Central	http://www.nasdaq.com/symbol/ello
ECF	Ellsworth Convertible Growth and Income Fund, Inc.	8.08	109143686.56	n/a	1986	n/a	n/a	http://www.nasdaq.com/symbol/ecf
EMAN	eMagin Corporation	2.72	64911690.24	n/a	n/a	Technology	Semiconductors	http://www.nasdaq.com/symbol/eman
EOX	Emerald Oil, Inc.	8.22	536742194.88	n/a	n/a	Energy	Oil & Gas Production	http://www.nasdaq.com/symbol/eox
MSN	Emerson Radio Corporation	1.93	52360575.76	n/a	n/a	Consumer Non-Durables	Consumer Electronics/Appliances	http://www.nasdaq.com/symbol/msn
EGI	Entree Gold Inc	0.4002	58723100.877	n/a	n/a	Basic Industries	Precious Metals	http://www.nasdaq.com/symbol/egi
EVI	EnviroStarm, Inc.	2.93	20608834.76	n/a	n/a	Consumer Services	Other Consumer Services	http://www.nasdaq.com/symbol/evi
ERB	ERBA Diagnostics, Inc.	1.45	63304420.45	n/a	1983	Health Care	Major Pharmaceuticals	http://www.nasdaq.com/symbol/erb
ESP	Espey Mfg. & Electronics Corp.	32.13	75610243.8	n/a	n/a	Capital Goods	Industrial Machinery/Components	http://www.nasdaq.com/symbol/esp
ETUA	eUnits 2 Year U.S. Market Participation Trust	11.524	30289554.836	n/a	n/a	n/a	n/a	http://www.nasdaq.com/symbol/etua
ETUB	eUnits 2 Year U.S. Market Participation Trust	11.44	0	n/a	n/a	n/a	n/a	http://www.nasdaq.com/symbol/etub
EMXX	Eurasian Minerals Inc.	1.18	86104846.62	n/a	n/a	Basic Industries	Precious Metals	http://www.nasdaq.com/symbol/emxx
EVBN	Evans Bancorp, Inc.	20.85	87482450.85	n/a	n/a	Finance	Major Banks	http://www.nasdaq.com/symbol/evbn
EVK	Ever-Glory International Group, Inc.	4.13	61031529.3	n/a	n/a	Consumer Non-Durables	Apparel	http://www.nasdaq.com/symbol/evk
EPM	Evolution Petroleum Corporation, Inc.	12.25	350345945.25	n/a	n/a	Energy	Oil & Gas Production	http://www.nasdaq.com/symbol/epm
EPM^A	Evolution Petroleum Corporation, Inc.	26.3665	0	n/a	n/a	n/a	n/a	http://www.nasdaq.com/symbol/epm^a
XRA	Exeter Resource Corporation	0.717	63388358.901	n/a	n/a	Basic Industries	Mining & Quarrying of Nonmetallic Minerals (No Fuels)	http://www.nasdaq.com/symbol/xra
FU	FAB Universal Corp.	6.85	142520141	n/a	n/a	Technology	Computer Software: Prepackaged Software	http://www.nasdaq.com/symbol/fu
FCSC	Fibrocell Science Inc	3.74	148972502.8	n/a	n/a	Health Care	Major Pharmaceuticals	http://www.nasdaq.com/symbol/fcsc
FPP	FieldPoint Petroleum Corporation	4.83	38984552.88	n/a	n/a	Energy	Oil & Gas Production	http://www.nasdaq.com/symbol/fpp
FPP/WS	FieldPoint Petroleum Corporation	0.89	0	n/a	n/a	n/a	n/a	http://www.nasdaq.com/symbol/fpp/ws
MXN	First American Minnesota Municipal Income Fund II, Inc.	13.8	20320582.8	n/a	2002	n/a	n/a	http://www.nasdaq.com/symbol/mxn
FEN	First Trust Energy Income and Growth Fund	33.1	640276271.4	n/a	2004	n/a	n/a	http://www.nasdaq.com/symbol/fen
FWV	First West Virginia Bancorp, Inc.	16.6499	28783181.627	n/a	n/a	Finance	Major Banks	http://www.nasdaq.com/symbol/fwv
BDL	Flanigan&#39;s Enterprises, Inc.	10.3	19152304.1	n/a	n/a	Consumer Services	Restaurants	http://www.nasdaq.com/symbol/bdl
FSI	Flexible Solutions International Inc.	0.98	12906591.18	n/a	1998	Basic Industries	Major Chemicals	http://www.nasdaq.com/symbol/fsi
FSP	Franklin Street Properties Corp.	13.5	1352529967.5	n/a	n/a	Consumer Services	Real Estate Investment Trusts	http://www.nasdaq.com/symbol/fsp
FTF	Franklin Templeton Limited Duration Income Trust	12.95	347474814.4	n/a	2003	n/a	n/a	http://www.nasdaq.com/symbol/ftf
FRD	Friedman Industries Inc.	10.15	69014356.6	n/a	1972	Capital Goods	Steel/Iron Ore	http://www.nasdaq.com/symbol/frd
FRS	Frisch&#39;s Restaurants, Inc.	24.2	122939267	n/a	n/a	Consumer Services	Restaurants	http://www.nasdaq.com/symbol/frs
GGN	GAMCO Global Gold, Natural Reources & Income Trust by Gabelli	10.69	1081989910.74	n/a	2005	n/a	n/a	http://www.nasdaq.com/symbol/ggn
GGN^B	GAMCO Global Gold, Natural Reources & Income Trust by Gabelli	20.05	0	n/a	n/a	n/a	n/a	http://www.nasdaq.com/symbol/ggn^b
EGAS	Gas Natural Inc.	9.95	103198196.1	n/a	n/a	Public Utilities	Oil/Gas Transmission	http://www.nasdaq.com/symbol/egas
GST	Gastar Exploration Inc.	4.38	269776726.8	n/a	n/a	Energy	Oil & Gas Production	http://www.nasdaq.com/symbol/gst
GST^A	Gastar Exploration Inc.	22.68	0	n/a	n/a	n/a	n/a	http://www.nasdaq.com/symbol/gst^a
JOB	General Employment Enterprises, Inc.	0.19	4331938.25	n/a	n/a	Technology	Diversified Commercial Services	http://www.nasdaq.com/symbol/job
GMO	General Moly, Inc	1.61	146418629.28	n/a	n/a	Basic Industries	Precious Metals	http://www.nasdaq.com/symbol/gmo
GIG	GigOptix, Inc.	1.47	31862036.85	n/a	n/a	Technology	Semiconductors	http://www.nasdaq.com/symbol/gig
GTT	Global Telecom	5	114916650	n/a	n/a	Public Utilities	Telecommunications Equipment	http://www.nasdaq.com/symbol/gtt
GSB	GlobalSCAPE, Inc.	1.7	31900017.2	n/a	n/a	Technology	Computer Software: Prepackaged Software	http://www.nasdaq.com/symbol/gsb
GLOW	Glowpoint, Inc.	1.36	39177994.64	n/a	n/a	Public Utilities	Telecommunications Equipment	http://www.nasdaq.com/symbol/glow
GORO	Gold Resource Corporation	5.54	295167704.26	n/a	n/a	Basic Industries	Precious Metals	http://www.nasdaq.com/symbol/goro
GSV	Gold Standard Ventures Corporation	0.88	78825188.64	n/a	n/a	Basic Industries	Mining & Quarrying of Nonmetallic Minerals (No Fuels)	http://www.nasdaq.com/symbol/gsv
AUMN	Golden Minerals Company	0.5719	28010388.9506	n/a	n/a	Basic Industries	Precious Metals	http://www.nasdaq.com/symbol/aumn
GSS	Golden Star Resources, Ltd	0.538	139399011.86	n/a	n/a	Basic Industries	Precious Metals	http://www.nasdaq.com/symbol/gss
GV	Goldfield Corporation (The)	2.1	53447843.4	n/a	n/a	Basic Industries	Water Supply	http://www.nasdaq.com/symbol/gv
GRC	Gorman-Rupp Company (The)	39.66	832974736.38	n/a	n/a	Capital Goods	Fluid Controls	http://www.nasdaq.com/symbol/grc
GHM	Graham Corporation	36.37	365830118.16	n/a	n/a	Technology	Industrial Machinery/Components	http://www.nasdaq.com/symbol/ghm
GTE	Gran Tierra Energy Inc.	7.71	2096140005.03	n/a	n/a	Energy	Oil & Gas Production	http://www.nasdaq.com/symbol/gte
GPL	Great Panther Silver Limited	0.8	110702439.2	n/a	n/a	Basic Industries	Precious Metals	http://www.nasdaq.com/symbol/gpl
GRH	GreenHunter Resources, Inc.	1.3701	46016859.5397	n/a	n/a	Basic Industries	Major Chemicals	http://www.nasdaq.com/symbol/grh
GRH^C	GreenHunter Resources, Inc.	18.965	0	n/a	n/a	n/a	n/a	http://www.nasdaq.com/symbol/grh^c
SIM	Grupo Simec, S.A. de C.V.	10.85	1800048320.35	n/a	1993	Basic Industries	Steel/Iron Ore	http://www.nasdaq.com/symbol/sim
GVP	GSE Systems, Inc.	1.66	29976318.18	n/a	n/a	Technology	Computer Software: Prepackaged Software	http://www.nasdaq.com/symbol/gvp
HWG	Hallwood Group Incorporated	10	15251660	n/a	n/a	Basic Industries	Textiles	http://www.nasdaq.com/symbol/hwg
HEB	Hemispherx BioPharma, Inc.	0.205	34316421.08	n/a	n/a	Health Care	Biotechnology: Biological Products (No Diagnostic Substances)	http://www.nasdaq.com/symbol/heb
HLM^	Hillman Group Capital Trust	30.448	0	n/a	n/a	n/a	n/a	http://www.nasdaq.com/symbol/hlm^
HMG	HMG/Courtland Properties, Inc.	17.8	18403882.8	n/a	n/a	Consumer Services	Real Estate Investment Trusts	http://www.nasdaq.com/symbol/hmg
HH	Hooper Holmes, Inc.	0.61	42617886.07	n/a	n/a	Health Care	Hospital/Nursing Management	http://www.nasdaq.com/symbol/hh
HUSA	Houston American Energy Corporation	0.262	13671171.79	n/a	n/a	Energy	Oil & Gas Production	http://www.nasdaq.com/symbol/husa
IBIO	iBio, Inc.	0.4	25676838	n/a	n/a	Health Care	Major Pharmaceuticals	http://www.nasdaq.com/symbol/ibio
IBO	IBO (Listing Market - NYSE Amex Network B F)	1	0	n/a	n/a	n/a	n/a	http://www.nasdaq.com/symbol/ibo
IEC	IEC Electronics Corp.	4.29	42862638.39	n/a	n/a	Technology	Electrical Products	http://www.nasdaq.com/symbol/iec
IG	IGI Laboratories, Inc.	2.41	104235910.15	n/a	n/a	Health Care	Biotechnology: Biological Products (No Diagnostic Substances)	http://www.nasdaq.com/symbol/ig
IMUC	ImmunoCellular Therapeutics, Ltd.	2.6	141947270.4	n/a	n/a	Health Care	Major Pharmaceuticals	http://www.nasdaq.com/symbol/imuc
IMH	Impac Mortgage Holdings, Inc.	6.55	57413356.9	n/a	1995	Consumer Services	Real Estate Investment Trusts	http://www.nasdaq.com/symbol/imh
IMO	Imperial Oil Limited	43.54	36904460938.94	n/a	n/a	Energy	Integrated oil Companies	http://www.nasdaq.com/symbol/imo
IOT	Income Opportunity Realty Investors, Inc.	4.92	20507612.88	n/a	n/a	Consumer Services	Real Estate Investment Trusts	http://www.nasdaq.com/symbol/iot
IRT	Independence Realty Trust, Inc.	8.7399	49323975.246	n/a	n/a	Consumer Services	Real Estate Investment Trusts	http://www.nasdaq.com/symbol/irt
IGC	India Globalization Capital Inc.	0.87	6137413.26	n/a	1987	Basic Industries	Precious Metals	http://www.nasdaq.com/symbol/igc
IGC/WS	India Globalization Capital Inc.	0.0136	0	n/a	n/a	n/a	n/a	http://www.nasdaq.com/symbol/igc/ws
INFU	InfuSystems Holdings, Inc.	1.6	35341969.6	n/a	1992	Health Care	Medical/Dental Instruments	http://www.nasdaq.com/symbol/infu
IHT	InnSuites Hospitality Trust	1.78	16397028.92	n/a	n/a	Consumer Services	Real Estate Investment Trusts	http://www.nasdaq.com/symbol/iht
INO	Inovio Pharmaceuticals, Inc.	1.85	351321375.1	n/a	n/a	Health Care	Medical/Dental Instruments	http://www.nasdaq.com/symbol/ino
NSPR	InspireMD, Inc.	3.09	106643835.12	n/a	n/a	Health Care	Medical/Dental Instruments	http://www.nasdaq.com/symbol/nspr
IFMI	Institutional Financial Markets, Inc.	2.6199	39193203.5991	n/a	n/a	Finance	Investment Bankers/Brokers/Service	http://www.nasdaq.com/symbol/ifmi
IDN	Intellicheck Mobilisa, Inc.	0.52	14506682.84	n/a	1999	Technology	Computer Software: Prepackaged Software	http://www.nasdaq.com/symbol/idn
INS	Intelligent Systems Corporation	1.59	14243264.52	n/a	1992	Capital Goods	Metal Fabrications	http://www.nasdaq.com/symbol/ins
THM	International Tower Hill Mines Ltd	0.46	45111573.48	n/a	1984	Basic Industries	Precious Metals	http://www.nasdaq.com/symbol/thm
INTT	inTest Corporation	3.8	39796176.4	n/a	1997	Capital Goods	Electrical Products	http://www.nasdaq.com/symbol/intt
INUV	Inuvo, Inc	1.51	35170116.68	n/a	n/a	Consumer Services	Advertising	http://www.nasdaq.com/symbol/inuv
VKI	Invesco Advantage Municipal Income Trust II	10.38	460674271.38	n/a	n/a	n/a	n/a	http://www.nasdaq.com/symbol/vki
ICH	Investors Capital Holdings, Ltd.	7.01	49748028.23	n/a	1997	Finance	Finance/Investors Services	http://www.nasdaq.com/symbol/ich
ISR	IsoRay, Inc.	0.531	20400755.562	n/a	n/a	Health Care	Medical/Dental Instruments	http://www.nasdaq.com/symbol/isr
ITI	Iteris, Inc.	2.04	66776884.68	n/a	n/a	Consumer Durables	Telecommunications Equipment	http://www.nasdaq.com/symbol/iti
LTS	Ladenburg Thalmann Financial Services Inc	2.23	408732775.2	n/a	n/a	Finance	Investment Bankers/Brokers/Service	http://www.nasdaq.com/symbol/lts
LTS^A	Ladenburg Thalmann Financial Services Inc	24.725	0	n/a	n/a	n/a	n/a	http://www.nasdaq.com/symbol/lts^a
LSG	Lake Shore Gold Corp	0.3901	162523549.3824	n/a	n/a	Basic Industries	Precious Metals	http://www.nasdaq.com/symbol/lsg
LCI	Lannett Co Inc	24.4	848448756	n/a	n/a	Health Care	Major Pharmaceuticals	http://www.nasdaq.com/symbol/lci
LAQ	Latin America Equity Fund, Inc. (The)	31.98	238203573.66	n/a	1991	n/a	n/a	http://www.nasdaq.com/symbol/laq
LGL	LGL Group, Inc. (The)	5.95	15383879.7	n/a	n/a	Capital Goods	Industrial Machinery/Components	http://www.nasdaq.com/symbol/lgl
LGL/WS	LGL Group, Inc. (The)	0.082	0	n/a	n/a	n/a	n/a	http://www.nasdaq.com/symbol/lgl/ws
LBY	Libbey, Inc.	21.41	454663423.71	n/a	1993	Capital Goods	Industrial Machinery/Components	http://www.nasdaq.com/symbol/lby
LON	Loncor Resources Inc.	0.17	12484754.44	n/a	n/a	Basic Industries	Precious Metals	http://www.nasdaq.com/symbol/lon
LEI	Lucas Energy, Inc.	1.11	29880552.87	n/a	n/a	Energy	Oil & Gas Production	http://www.nasdaq.com/symbol/lei
MCZ	Mad Catz Interactive Inc	0.6378	40775514.5268	n/a	n/a	Consumer Non-Durables	Recreational Products/Toys	http://www.nasdaq.com/symbol/mcz
MVG	Mag Silver Corporation	5.38	323562442.84	n/a	n/a	Basic Industries	Precious Metals	http://www.nasdaq.com/symbol/mvg
MHR^C	Magnum Hunter Resources Corporation	25.29	0	n/a	n/a	n/a	n/a	http://www.nasdaq.com/symbol/mhr^c
MHR^D	Magnum Hunter Resources Corporation	46.8999	0	n/a	n/a	n/a	n/a	http://www.nasdaq.com/symbol/mhr^d
MHR^E	Magnum Hunter Resources Corporation	27.95	0	n/a	n/a	n/a	n/a	http://www.nasdaq.com/symbol/mhr^e
MSTX	Mast Therapeutics, Inc.	0.4362	44802226.7532	n/a	n/a	Health Care	Major Pharmaceuticals	http://www.nasdaq.com/symbol/mstx
MHH	Mastech Holdings, Inc	18.1	60554364.5	n/a	n/a	Consumer Services	Professional Services	http://www.nasdaq.com/symbol/mhh
MDGN	Medgenics, Inc.	7.13	131771726.04	n/a	n/a	Health Care	Biotechnology: Biological Products (No Diagnostic Substances)	http://www.nasdaq.com/symbol/mdgn
MDGN/WS	Medgenics, Inc.	2.95	0	n/a	n/a	n/a	n/a	http://www.nasdaq.com/symbol/mdgn/ws
MEET	MeetMe, Inc.	1.99	75960761.63	n/a	n/a	Consumer Services	Advertising	http://www.nasdaq.com/symbol/meet
IPB	Merrill Lynch & Co., Inc.	25.5	0	n/a	n/a	Finance	Finance: Consumer Services	http://www.nasdaq.com/symbol/ipb
MEA	Metalico Inc	1.69	81186383.2	n/a	n/a	Basic Industries	Metal Fabrications	http://www.nasdaq.com/symbol/mea
MXC	Mexco Energy Corporation	6.7799	13809747.7934	n/a	1972	Energy	Oil & Gas Production	http://www.nasdaq.com/symbol/mxc
CCA	MFS California Insured Municipal Trust	10.25	28558939.5	n/a	1984	n/a	n/a	http://www.nasdaq.com/symbol/cca
MGT	MGT Capital Investments Inc	2.8399	18044287.2554	n/a	n/a	Miscellaneous	Multi-Sector Companies	http://www.nasdaq.com/symbol/mgt
MDW	Midway Gold Corporation	0.9424	123339777.7728	n/a	n/a	Basic Industries	Precious Metals	http://www.nasdaq.com/symbol/mdw
MGH	Minco Gold Corporation	0.18	9068348.7	n/a	n/a	Basic Industries	Precious Metals	http://www.nasdaq.com/symbol/mgh
MGN	Mines Management, Inc.	0.56	16239861.12	n/a	1985	Basic Industries	Precious Metals	http://www.nasdaq.com/symbol/mgn
MXA	Minnesota Municipal Income Portfolio Inc.	14.39	59671631.77	n/a	1993	n/a	n/a	http://www.nasdaq.com/symbol/mxa
MDM	Mountain Province Diamonds Inc.	4.98	468957391.98	n/a	n/a	Basic Industries	Precious Metals	http://www.nasdaq.com/symbol/mdm
MVF	MuniVest Fund, Inc.	9.31	10805620860.79	n/a	1993	n/a	n/a	http://www.nasdaq.com/symbol/mvf
MZA	MuniYield Arizona Fund, Inc.	13.165	60305639.575	n/a	1993	n/a	n/a	http://www.nasdaq.com/symbol/mza
NNVC	NanoViricides, Inc.	5.36	267148162	n/a	n/a	Health Care	Biotechnology: Commercial Physical & Biological Resarch	http://www.nasdaq.com/symbol/nnvc
NHC	National HealthCare Corporation	49.41	694973835.09	n/a	n/a	Health Care	Hospital/Nursing Management	http://www.nasdaq.com/symbol/nhc
NHC^A	National HealthCare Corporation	14.65	0	n/a	n/a	n/a	n/a	http://www.nasdaq.com/symbol/nhc^a
NAVB	Navidea Biopharmaceuticals, Inc.	1.56	207278822.4	n/a	n/a	Health Care	Biotechnology: In Vitro & In Vivo Diagnostic Substances	http://www.nasdaq.com/symbol/navb
NBW	Neuberger Berman California Intermediate Municipal Fund Inc.	14.16	78342522.24	n/a	2002	n/a	n/a	http://www.nasdaq.com/symbol/nbw
NHS	Neuberger Berman High Yield Strategies Fund	13.48	263407072.32	n/a	n/a	n/a	n/a	http://www.nasdaq.com/symbol/nhs
NBH	Neuberger Berman Intermediate Municipal Fund Inc.	14.33	268861666.82	n/a	2002	n/a	n/a	http://www.nasdaq.com/symbol/nbh
NML	Neuberger Berman MLP Income Fund Inc.	18.45	1042592230.8	n/a	n/a	n/a	n/a	http://www.nasdaq.com/symbol/nml
NBO	Neuberger Berman New York Intermediate Municipal Fund Inc.	12.76	64762320.92	n/a	2002	n/a	n/a	http://www.nasdaq.com/symbol/nbo
NRO	Neuberger Berman Real Estate Securities Income Fund, Inc.	4.61	257181970.06	n/a	2003	n/a	n/a	http://www.nasdaq.com/symbol/nro
CUR	Neuralstem, Inc.	2.38	173271456.54	n/a	1973	Health Care	Biotechnology: Biological Products (No Diagnostic Substances)	http://www.nasdaq.com/symbol/cur
UWN	Nevada Gold & Casinos, Inc.	1.06	17066586.18	n/a	n/a	Consumer Services	Services-Misc. Amusement & Recreation	http://www.nasdaq.com/symbol/uwn
NSU	Nevsun Resources Ltd	3.59	715515009.18	n/a	n/a	Basic Industries	Precious Metals	http://www.nasdaq.com/symbol/nsu
GBR	New Concept Energy, Inc	1.7714	3448800.659	n/a	n/a	Energy	Oil & Gas Production	http://www.nasdaq.com/symbol/gbr
NEN	New England Realty Associates Limited Partnership	43.73	170600000.76	n/a	n/a	Consumer Services	Building operators	http://www.nasdaq.com/symbol/nen
NGD	NEW GOLD INC.	5.67	2853041866.29	n/a	n/a	Basic Industries	Precious Metals	http://www.nasdaq.com/symbol/ngd
PAL	North American Palladium, Ltd.	0.78	153489473.28	n/a	2000	Basic Industries	Precious Metals	http://www.nasdaq.com/symbol/pal
NAK	Northern Dynasty Minerals, Ltd.	1.39	132063710.96	n/a	n/a	Basic Industries	Precious Metals	http://www.nasdaq.com/symbol/nak
NOG	Northern Oil and Gas, Inc.	16.24	1036247685.2	n/a	n/a	Energy	Oil & Gas Production	http://www.nasdaq.com/symbol/nog
NBY	NovaBay Pharmaceuticals, Inc.	1.69	63243036.35	n/a	2007	Health Care	Major Pharmaceuticals	http://www.nasdaq.com/symbol/nby
NCQ	NovaCopper Inc.	1.88	99765313.28	n/a	n/a	Basic Industries	Precious Metals	http://www.nasdaq.com/symbol/ncq
NG	Novagold Resources Inc.	2.22	702988956.24	n/a	n/a	Basic Industries	Precious Metals	http://www.nasdaq.com/symbol/ng
NTN	NTN Buzztime, Inc.	0.54	38731602.06	n/a	n/a	Consumer Services	Broadcasting	http://www.nasdaq.com/symbol/ntn
NLP	NTS Realty Holdings Limited Partnership	4.82	53479220.68	n/a	n/a	Consumer Services	Real Estate Investment Trusts	http://www.nasdaq.com/symbol/nlp
NTS	NTS, Inc.	1.95	81290168.7	n/a	n/a	Consumer Services	Telecommunications Equipment	http://www.nasdaq.com/symbol/nts
NEA	Nuveen AMT-Free Municipal Income Fund	12.45	982094308.65	n/a	2002	n/a	n/a	http://www.nasdaq.com/symbol/nea
NAZ^C	Nuveen Arizona Premium Income Municipal Fund	10.02	0	n/a	n/a	n/a	n/a	http://www.nasdaq.com/symbol/naz^c
NKX	Nuveen California AMT-Free Municipal Income Fund	12.66	529742014.26	n/a	2002	n/a	n/a	http://www.nasdaq.com/symbol/nkx
NVX	Nuveen California Dividend Advantage Municipal Fund 2	13.03	192233414.2	n/a	2001	n/a	n/a	http://www.nasdaq.com/symbol/nvx
NZH	Nuveen California Dividend Advantage Municipal Fund 3	11.68	282094005.12	n/a	n/a	n/a	n/a	http://www.nasdaq.com/symbol/nzh
NCB	Nuveen California Municipal Value Fund 2	14.92	49055468	n/a	n/a	n/a	n/a	http://www.nasdaq.com/symbol/ncb
NCU	Nuveen California Premium Income Municipal Fund	13.2099	75730309.1655	n/a	1993	n/a	n/a	http://www.nasdaq.com/symbol/ncu
CFD	Nuveen Diversified Commodity Fund	15.63	144096721.2	n/a	1998	Finance	Investment Bankers/Brokers/Service	http://www.nasdaq.com/symbol/cfd
NXZ	Nuveen Dividend Advantage Municipal Fund 2	13.03	384103695.33	n/a	2001	n/a	n/a	http://www.nasdaq.com/symbol/nxz
NZF	Nuveen Dividend Advantage Municipal Fund 3	12.47	503788349.16	n/a	2007	n/a	n/a	http://www.nasdaq.com/symbol/nzf
NVG	Nuveen Dividend Advantage Municipal Income Fund	12.66	377304714	n/a	2002	n/a	n/a	http://www.nasdaq.com/symbol/nvg
NKG	Nuveen Georgia Dividend Advantage Municipal Fund 2	11.93	125840574.78	n/a	2002	n/a	n/a	http://www.nasdaq.com/symbol/nkg
NKG^E	Nuveen Georgia Dividend Advantage Municipal Fund 2	10.03	0	n/a	n/a	n/a	n/a	http://www.nasdaq.com/symbol/nkg^e
CTF	Nuveen Long/Short Commodity Total Return Fund	16.11	302728487.4	n/a	1986	Finance	Investment Bankers/Brokers/Service	http://www.nasdaq.com/symbol/ctf
NGX	Nuveen Massachusetts AMT-Free Municipal Income Fund	12.1201	33055354.7717	n/a	2002	n/a	n/a	http://www.nasdaq.com/symbol/ngx
NMB	Nuveen Massachusetts Dividend Advantage Municipal Fund	12.46	24494565.76	n/a	2001	n/a	n/a	http://www.nasdaq.com/symbol/nmb
NMB^C	Nuveen Massachusetts Dividend Advantage Municipal Fund	10.06	0	n/a	n/a	n/a	n/a	http://www.nasdaq.com/symbol/nmb^c
NUM^C	Nuveen Michigan Quality Income Municipal Fund	10.02	0	n/a	n/a	n/a	n/a	http://www.nasdaq.com/symbol/num^c
NOM	Nuveen Missouri Premium Income Municipal Fund	13.77	32018651.19	n/a	1993	n/a	n/a	http://www.nasdaq.com/symbol/nom
NMZ	Nuveen Municipal High Income Opportunity Fund	11.96	377016634.8	n/a	2003	n/a	n/a	http://www.nasdaq.com/symbol/nmz
NXJ	Nuveen New Jersey Dividend Advantage Municipal Fund	12.51	82199306.88	n/a	2001	n/a	n/a	http://www.nasdaq.com/symbol/nxj
NUJ	Nuveen New Jersey Dividend Advantage Municipal Fund 2	12.305	55704907.27	n/a	1991	n/a	n/a	http://www.nasdaq.com/symbol/nuj
NJV	Nuveen New Jersey Municipal Value Fund	13.93	21800951.48	n/a	n/a	n/a	n/a	http://www.nasdaq.com/symbol/njv
NRK	Nuveen New York AMT-Free Municipal Income Fund	12.12	1061936268.48	n/a	2002	n/a	n/a	http://www.nasdaq.com/symbol/nrk
NXK	Nuveen New York Dividend Advantage Municipal Fund 2	12.61	81820186.76	n/a	2001	n/a	n/a	http://www.nasdaq.com/symbol/nxk
NYV	Nuveen New York Municipal Value Fund 2	13.6	31954723.2	n/a	2009	n/a	n/a	http://www.nasdaq.com/symbol/nyv
NXM	Nuveen Pennsylvania Dividend Advantage Municipal Fund	12.19	40494984.96	n/a	2001	n/a	n/a	http://www.nasdaq.com/symbol/nxm
NVY	Nuveen Pennsylvania Dividend Advantage Municipal Fund 2	12.0104	44757500.2448	n/a	1993	n/a	n/a	http://www.nasdaq.com/symbol/nvy
NPN	Nuveen Pennsylvania Municipal Value Fund	13.49	16449058.48	n/a	1992	n/a	n/a	http://www.nasdaq.com/symbol/npn
JRS	Nuveen Real Estate Fund	11.33	325916446.02	n/a	2001	n/a	n/a	http://www.nasdaq.com/symbol/jrs
OGEN	Oragenics, Inc.	2.74	83588316.9	n/a	n/a	Health Care	Major Pharmaceuticals	http://www.nasdaq.com/symbol/ogen
OBT	Orbital Corporation Limited	2.5799	7856192.8046	n/a	n/a	Capital Goods	Auto Parts:O.E.M.	http://www.nasdaq.com/symbol/obt
ORC	Orchid Island Capital, Inc.	11.61	38796730.65	n/a	n/a	Consumer Services	Real Estate Investment Trusts	http://www.nasdaq.com/symbol/orc
TIS	Orchids Paper Products Company	29.92	240446365.28	n/a	1988	Basic Industries	Paper	http://www.nasdaq.com/symbol/tis
ONVO	Organovo Holdings, Inc.	8.2	627357965.8	n/a	n/a	Health Care	Biotechnology: Biological Products (No Diagnostic Substances)	http://www.nasdaq.com/symbol/onvo
ONP	Orient Paper, Inc.	2.26	41712594	n/a	n/a	Consumer Durables	Containers/Packaging	http://www.nasdaq.com/symbol/onp
OESX	Orion Energy Systems, Inc.	4.28	90229590.4	n/a	2007	Consumer Durables	Building Products	http://www.nasdaq.com/symbol/oesx
ORM	Owens Realty Mortgage, Inc.	12.5	139976487.5	n/a	n/a	Consumer Services	Real Estate Investment Trusts	http://www.nasdaq.com/symbol/orm
PHF	Pacholder High Yield Fund, Inc.	8.13	105634244.46	n/a	1988	n/a	n/a	http://www.nasdaq.com/symbol/phf
PBM	Pacific Booker Minerals Inc	4.08	50414679.12	n/a	n/a	Basic Industries	Precious Metals	http://www.nasdaq.com/symbol/pbm
PCG^A	Pacific Gas & Electric Co.	27.551	0	n/a	n/a	n/a	n/a	http://www.nasdaq.com/symbol/pcg^a
PCG^B	Pacific Gas & Electric Co.	24.6601	0	n/a	n/a	n/a	n/a	http://www.nasdaq.com/symbol/pcg^b
PCG^C	Pacific Gas & Electric Co.	25.39	0	n/a	n/a	n/a	n/a	http://www.nasdaq.com/symbol/pcg^c
PCG^D	Pacific Gas & Electric Co.	24	0	n/a	n/a	n/a	n/a	http://www.nasdaq.com/symbol/pcg^d
PCG^E	Pacific Gas & Electric Co.	22.7674	0	n/a	n/a	n/a	n/a	http://www.nasdaq.com/symbol/pcg^e
PCG^G	Pacific Gas & Electric Co.	23.3	0	n/a	n/a	n/a	n/a	http://www.nasdaq.com/symbol/pcg^g
PCG^H	Pacific Gas & Electric Co.	21.75	0	n/a	n/a	n/a	n/a	http://www.nasdaq.com/symbol/pcg^h
PCG^I	Pacific Gas & Electric Co.	21.37	0	n/a	n/a	n/a	n/a	http://www.nasdaq.com/symbol/pcg^i
PTN	Palatin Technologies, Inc.	0.62	24298826.1	n/a	1997	Health Care	Major Pharmaceuticals	http://www.nasdaq.com/symbol/ptn
PZG	Paramount Gold and Silver Corp.	1.21	188434592.28	n/a	n/a	Basic Industries	Precious Metals	http://www.nasdaq.com/symbol/pzg
PRK	Park National Corporation	79.65	1228402921.5	n/a	n/a	Finance	Major Banks	http://www.nasdaq.com/symbol/prk
PED	Pedevco Corp.	3.03	68269372.38	n/a	n/a	Energy	Oil & Gas Production	http://www.nasdaq.com/symbol/ped
PIP	PharmAthene, Inc	2.08	108806699.04	n/a	1973	Health Care	Major Pharmaceuticals	http://www.nasdaq.com/symbol/pip
HNW	Pioneer Diversified High Income Trust	21.17	175611670.36	n/a	2007	n/a	n/a	http://www.nasdaq.com/symbol/hnw
PLG	Platinum Group Metals Ltd.	1.17	471228664.14	n/a	1989	Basic Industries	Precious Metals	http://www.nasdaq.com/symbol/plg
PCC	PMC Commercial Trust	8.56	90703643.2	n/a	1993	Consumer Services	Real Estate Investment Trusts	http://www.nasdaq.com/symbol/pcc
PLM	Polymet Mining Corp.	0.8398	230912309.9452	n/a	n/a	Basic Industries	Precious Metals	http://www.nasdaq.com/symbol/plm
PW	Power REIT	8.38	14052882.9	n/a	n/a	Consumer Services	Real Estate Investment Trusts	http://www.nasdaq.com/symbol/pw
APTS	Preferred Apartment Communities, Inc.	8.28	91690492.68	n/a	n/a	Consumer Services	Real Estate Investment Trusts	http://www.nasdaq.com/symbol/apts
PLX	Protalix BioTherapeutics, Inc.	4.41	412568333.1	n/a	n/a	Health Care	Biotechnology: Biological Products (No Diagnostic Substances)	http://www.nasdaq.com/symbol/plx
PDO	Pyramid Oil Co	5.21	24424922.85	n/a	n/a	Energy	Oil & Gas Production	http://www.nasdaq.com/symbol/pdo
QMM	Quaterra Resources Inc	0.0991	19106562.8476	n/a	n/a	Basic Industries	Precious Metals	http://www.nasdaq.com/symbol/qmm
QRM	Quest Rare Minerals Ltd	0.65	43704078.6	n/a	n/a	Basic Industries	Precious Metals	http://www.nasdaq.com/symbol/qrm
RLGT	Radiant Logistics, Inc.	2.22	74032928.52	n/a	n/a	Transportation	Oil Refining/Marketing	http://www.nasdaq.com/symbol/rlgt
REE	Rare Element Resources Ltd.	1.75	83347678.75	n/a	1992	Basic Industries	Precious Metals	http://www.nasdaq.com/symbol/ree
UTG	Reaves Utility Income Fund	26.05	755822358.7	n/a	2004	n/a	n/a	http://www.nasdaq.com/symbol/utg
REED	Reeds, Inc.	6.35	80812798.75	n/a	1986	Consumer Non-Durables	Beverages (Production/Distribution)	http://www.nasdaq.com/symbol/reed
RWC	RELM Wireless Corporation	2.6701	36261215.6171	n/a	n/a	Technology	Radio And Television Broadcasting And Communications Equipment	http://www.nasdaq.com/symbol/rwc
RCG	Renaissance Capital Growth & Income Fund III, Inc.	1.43	6383472.81	n/a	n/a	n/a	n/a	http://www.nasdaq.com/symbol/rcg
RVP	Retractable Technologies, Inc.	2.51	67172720.4	n/a	n/a	Health Care	Medical/Dental Instruments	http://www.nasdaq.com/symbol/rvp
RVM	Revett Minerals Inc.	0.6009	20788968.9483	n/a	n/a	Basic Industries	Precious Metals	http://www.nasdaq.com/symbol/rvm
RNN	Rexahn Pharmaceuticals, Inc.	0.42	57340704.12	n/a	n/a	Health Care	Major Pharmaceuticals	http://www.nasdaq.com/symbol/rnn
RIC	Richmont Mines, Inc.	1.29	51078972.87	n/a	n/a	Basic Industries	Precious Metals	http://www.nasdaq.com/symbol/ric
REI	Ring Energy, Inc.	14	249218382	n/a	n/a	Energy	Oil & Gas Production	http://www.nasdaq.com/symbol/rei
RIF	RMR Real Estate Income Fund.	17.93	137191520.51	n/a	2002	n/a	n/a	http://www.nasdaq.com/symbol/rif
RPI	Roberts Realty Investors, Inc.	0.93	9313561.26	n/a	n/a	Consumer Services	Real Estate Investment Trusts	http://www.nasdaq.com/symbol/rpi
RBY	Rubicon Minerals Corp	1.4	404339744.2	n/a	n/a	Basic Industries	Precious Metals	http://www.nasdaq.com/symbol/rby
SGA	Saga Communications, Inc.	46.51	264480370.77	n/a	1992	Consumer Services	Broadcasting	http://www.nasdaq.com/symbol/sga
SSN	Samson Oil & Gas Limited	0.475	60505911.35	n/a	n/a	Energy	Oil & Gas Production	http://www.nasdaq.com/symbol/ssn
SAND          	Sandstorm Gold Ltd	5.4	539338192.2	n/a	n/a	Basic Industries	Precious Metals	http://www.nasdaq.com/symbol/sand          
SARA	Saratoga Resources Inc	2.42	74878674.42	n/a	n/a	Energy	Oil & Gas Production	http://www.nasdaq.com/symbol/sara
SEB	Seaboard Corporation	2731.1	3252275813	n/a	1996	Finance	Investment Bankers/Brokers/Service	http://www.nasdaq.com/symbol/seb
SED	SED International Holdings Inc	1.09	5630395	n/a	n/a	Technology	Retail: Computer Software & Peripheral Equipment	http://www.nasdaq.com/symbol/sed
SVT	Servotronics, Inc.	8.45	21362732.3	n/a	n/a	Capital Goods	Industrial Machinery/Components	http://www.nasdaq.com/symbol/svt
SIF	SIFCO Industries, Inc.	22.6522	121722185.6572	n/a	n/a	Capital Goods	Aerospace	http://www.nasdaq.com/symbol/sif
SVBL	Silver Bull Resources, Inc.	0.3529	56136740.6553	n/a	n/a	Basic Industries	Precious Metals	http://www.nasdaq.com/symbol/svbl
SVLC	SilverCrest Mines, Inc.	1.62	176447492.1	n/a	n/a	Basic Industries	Precious Metals	http://www.nasdaq.com/symbol/svlc
WWZ^K	SiM Internal Test 10	n/a	0	n/a	n/a	n/a	n/a	http://www.nasdaq.com/symbol/wwz^k
MMZ^K	SiM Internal Test 6	n/a	0	n/a	n/a	n/a	n/a	http://www.nasdaq.com/symbol/mmz^k
OOZ^K	SiM Internal Test 7	n/a	0	n/a	n/a	n/a	n/a	http://www.nasdaq.com/symbol/ooz^k
QQZ^K	SiM Internal Test 8	n/a	0	n/a	n/a	n/a	n/a	http://www.nasdaq.com/symbol/qqz^k
SS^K	SiM Internal Test 9	n/a	0	n/a	n/a	n/a	n/a	http://www.nasdaq.com/symbol/ss^k
SKY	Skyline Corporation	4.6	38599722.4	n/a	n/a	Basic Industries	Homebuilding	http://www.nasdaq.com/symbol/sky
SLI	SL Industries, Inc.	26.98	111211560	n/a	n/a	Capital Goods	Industrial Machinery/Components	http://www.nasdaq.com/symbol/sli
ZXX	SM Listed Test 3	n/a	0	n/a	n/a	n/a	n/a	http://www.nasdaq.com/symbol/zxx
ZXX^F	SM Listed Test 3	n/a	0	n/a	n/a	n/a	n/a	http://www.nasdaq.com/symbol/zxx^f
XPL	Solitario Exploration & Royalty Corp	0.95	35325132.5	n/a	n/a	Basic Industries	Precious Metals	http://www.nasdaq.com/symbol/xpl
SOQ	Sonde Resources Corp	0.892	55572889.832	n/a	n/a	Energy	Oil & Gas Production	http://www.nasdaq.com/symbol/soq
SCE^B	Southern California Edison Company	20.67	0	n/a	n/a	n/a	n/a	http://www.nasdaq.com/symbol/sce^b
SCE^C	Southern California Edison Company	20.65	0	n/a	n/a	n/a	n/a	http://www.nasdaq.com/symbol/sce^c
SCE^D	Southern California Edison Company	21.3	0	n/a	n/a	n/a	n/a	http://www.nasdaq.com/symbol/sce^d
SCE^E	Southern California Edison Company	22.85	0	n/a	n/a	n/a	n/a	http://www.nasdaq.com/symbol/sce^e
SGB	Southwest Georgia Financial Corporation	10	25478370	n/a	n/a	Finance	Major Banks	http://www.nasdaq.com/symbol/sgb
LOV	Spark Networks, Inc.	7.2	171037821.6	n/a	n/a	Miscellaneous	Business Services	http://www.nasdaq.com/symbol/lov
STRP	Straight Path Communications Inc.	5.8	63653747.2	n/a	n/a	Public Utilities	Telecommunications Equipment	http://www.nasdaq.com/symbol/strp
SSY	SunLink Health Systems, Inc.	0.74	6988121.92	n/a	n/a	Health Care	Hospital/Nursing Management	http://www.nasdaq.com/symbol/ssy
STS	Supreme Industries, Inc.	6.04	98370526.44	n/a	n/a	Capital Goods	Construction/Ag Equipment/Trucks	http://www.nasdaq.com/symbol/sts
SYRG	Synergy Resources Corporation	9.95	685807033.5	n/a	n/a	Energy	Oil & Gas Production	http://www.nasdaq.com/symbol/syrg
SYN	Synthetic Biologics, Inc	1.49	66535076.86	n/a	n/a	Health Care	Major Pharmaceuticals	http://www.nasdaq.com/symbol/syn
TRX	Tanzanian Royalty Exploration Corporation	2.2	222029680.4	n/a	2005	Basic Industries	Precious Metals	http://www.nasdaq.com/symbol/trx
TGB	Taseko Mines Limited	2.15	414432828.25	n/a	n/a	Basic Industries	Precious Metals	http://www.nasdaq.com/symbol/tgb
TAS	Tasman Metals Ltd	0.99	60242472.18	n/a	n/a	Basic Industries	Precious Metals	http://www.nasdaq.com/symbol/tas
TSH	Teche Holding Company	49.05	99772506.9	n/a	n/a	Finance	Major Banks	http://www.nasdaq.com/symbol/tsh
TRC/WS	Tejon Ranch Co	4.821	0	n/a	n/a	n/a	n/a	http://www.nasdaq.com/symbol/trc/ws
TIK	Tel-Instrument Electronics Corp.	4.25	13783119.75	n/a	n/a	Capital Goods	Electrical Products	http://www.nasdaq.com/symbol/tik
TGC	Tengasco, Inc.	0.416	25310443.808	n/a	n/a	Energy	Oil & Gas Production	http://www.nasdaq.com/symbol/tgc
GLU	The Gabelli Global Utility and Income Trust	19.95	82387754.4	n/a	2004	n/a	n/a	http://www.nasdaq.com/symbol/glu
GLU^A	The Gabelli Global Utility and Income Trust	50.75	0	n/a	n/a	n/a	n/a	http://www.nasdaq.com/symbol/glu^a
TXMD	TherapeuticsMD, Inc.	3.94	571153061.64	n/a	n/a	Health Care	Major Pharmaceuticals	http://www.nasdaq.com/symbol/txmd
TPI	Tianyin Pharmaceutical Co., Inc.	0.97	28501307.27	n/a	1986	Health Care	Major Pharmaceuticals	http://www.nasdaq.com/symbol/tpi
IDI	Tiger Media, Inc.	1.4999	48345916.724	n/a	n/a	Consumer Services	Advertising	http://www.nasdaq.com/symbol/idi
IDI/WS	Tiger Media, Inc.	0.197	0	n/a	n/a	n/a	n/a	http://www.nasdaq.com/symbol/idi/ws
TLR	Timberline Resources Corporation	0.195	10850926.71	n/a	1983	Basic Industries	Precious Metals	http://www.nasdaq.com/symbol/tlr
TGD	Timmons Gold Corp	1.39	200381072.55	n/a	n/a	Basic Industries	Precious Metals	http://www.nasdaq.com/symbol/tgd
TOF	Tofutti Brands Inc.	3.15	16234173.9	n/a	n/a	Consumer Non-Durables	Specialty Foods	http://www.nasdaq.com/symbol/tof
TMP	Tompkins Financial Corporation	48.44	700209888	n/a	n/a	Finance	Major Banks	http://www.nasdaq.com/symbol/tmp
TAT	Transatlantic Petroleum Ltd	0.8701	324879921.828	n/a	n/a	Energy	Oil & Gas Production	http://www.nasdaq.com/symbol/tat
TPLM	Triangle Petroleum Corporation	10.13	842813568.8	n/a	n/a	Energy	Oil & Gas Production	http://www.nasdaq.com/symbol/tplm
TRT	Trio-Tech International	3.4101	11582592.2055	n/a	1984	Technology	Industrial Machinery/Components	http://www.nasdaq.com/symbol/trt
TCX	Tucows Inc.	2.52	109813689.72	n/a	n/a	Technology	EDP Services	http://www.nasdaq.com/symbol/tcx
HTM	U.S. Geothermal Inc.	0.4599	46687559.7636	n/a	n/a	Public Utilities	Electric Utilities: Central	http://www.nasdaq.com/symbol/htm
UAMY	United States Antimony Corporation	1.59	99568544.34	n/a	n/a	Capital Goods	Metal Fabrications	http://www.nasdaq.com/symbol/uamy
UVE	UNIVERSAL INSURANCE HOLDINGS INC	8.02	281591599.44	n/a	n/a	Finance	Property-Casualty Insurers	http://www.nasdaq.com/symbol/uve
UPG	Universal Power Group Inc	1.2	6024000	n/a	2006	Consumer Non-Durables	Telecommunications Equipment	http://www.nasdaq.com/symbol/upg
UUU	Universal Security Instruments, Inc.	4.761	10892630.007	n/a	n/a	Consumer Non-Durables	Electronic Components	http://www.nasdaq.com/symbol/uuu
UQM	UQM TECHNOLOGIES INC	1.96	70978158.16	n/a	n/a	Capital Goods	Industrial Machinery/Components	http://www.nasdaq.com/symbol/uqm
URG	Ur Energy Inc	1.15	140836645.2	n/a	n/a	Basic Industries	Precious Metals	http://www.nasdaq.com/symbol/urg
URZ	Uranerz Energy Corporation	0.91	78073517.34	n/a	n/a	Basic Industries	Precious Metals	http://www.nasdaq.com/symbol/urz
UEC	Uranium Energy Corp.	1.7	144913363.5	n/a	n/a	Basic Industries	Precious Metals	http://www.nasdaq.com/symbol/uec
VTG	Vantage Drilling Company	1.88	567988741.48	n/a	n/a	Energy	Oil & Gas Production	http://www.nasdaq.com/symbol/vtg
VSB	VantageSouth Bancshares, Inc.	5.06	232956368.48	n/a	n/a	Finance	Major Banks	http://www.nasdaq.com/symbol/vsb
VSR	Versar, Inc.	4.91	47422439.58	n/a	1986	Consumer Services	Military/Government/Technical	http://www.nasdaq.com/symbol/vsr
VII	Vicon Industries, Inc.	2.98	13421577.3	n/a	n/a	Consumer Durables	Telecommunications Equipment	http://www.nasdaq.com/symbol/vii
VHC	VirnetX Holding Corp	20.8	1065025332.8	n/a	n/a	Miscellaneous	Multi-Sector Companies	http://www.nasdaq.com/symbol/vhc
VGZ	Vista Gold Corporation	0.451	36886764.585	n/a	n/a	Basic Industries	Precious Metals	http://www.nasdaq.com/symbol/vgz
EAD	Wells Fargo Advantage Income Opportunities Fund	9.13	648074799.13	n/a	2003	n/a	n/a	http://www.nasdaq.com/symbol/ead
ERC	Wells Fargo Advantage Multi-Sector Income Fund	14.39	605171450	n/a	2003	n/a	n/a	http://www.nasdaq.com/symbol/erc
ERH	Wells Fargo Advantage Utilities and High Income Fund	12.3901	114375280.4883	n/a	2004	n/a	n/a	http://www.nasdaq.com/symbol/erh
WGA	Wells-Gardner Electronics Corporation	1.56	18256680	n/a	n/a	Technology	Radio And Television Broadcasting And Communications Equipment	http://www.nasdaq.com/symbol/wga
SBI	Western Asset Intermediate Muni Fund Inc	9.08	127818379.12	n/a	1992	n/a	n/a	http://www.nasdaq.com/symbol/sbi
WRN	Western Copper and Gold Corporation	0.7046	66009702.0102	n/a	1994	Basic Industries	Precious Metals	http://www.nasdaq.com/symbol/wrn
WYY	WidePoint Corporation	0.7972	50907085.0004	n/a	n/a	Technology	EDP Services	http://www.nasdaq.com/symbol/wyy
WTT	Wireless Telecom Group,  Inc.	1.86	44515809.66	n/a	n/a	Capital Goods	Electrical Products	http://www.nasdaq.com/symbol/wtt
ZBB	ZBB Energy Corporation	0.69	61091772.69	n/a	2007	Public Utilities	Electric Utilities: Central	http://www.nasdaq.com/symbol/zbb
